{
  "sheetsById": {
    "Panels": {
      "staticOverrides": {
        "byObject": {
          "Default panel": {
            "supershapeOneM": 18.5,
            "supershapeOne": {
              "m": 5,
              "nOne": 1.9699999999999955,
              "nTwo": 10.000000000000009,
              "nThree": 2.79999999999998
            },
            "supershapeTwo": {
              "m": 70.39999999999988,
              "nOne": 1.2999999999999925,
              "nThree": 0.705,
              "nTwo": 9.900000000000048
            },
            "fog": {
              "far": 8.200000000000067,
              "near": 7.100000000000001
            }
          }
        }
      }
    }
  },
  "definitionVersion": "0.4.0",
  "revisionHistory": [
    "Xq3eZPXq5-Rnu0ae",
    "ph_v973OqQX3r4CY",
    "pBhGkaDK61EilK9c",
    "uHM87J7WBaH_dSo2"
  ]
}